tool,official_url,category,primary_question,network_leak,rendering_device,uniqueness_stability,tampering_automation,tracker_blocking,source_code,transparency_grade,privacy_note,tested,checked_on
BrowserLeaks,https://browserleaks.com/,modular_diagnostics,What network and browser API data is exposed?,strong,strong,partial,partial,no,not_located,B,"Official site says it does not store fingerprints; some tests may call third parties",false,2026-07-22
CreepJS,https://abrahamjuliot.github.io/creepjs/,tampering_research,Does the JavaScript environment reveal lies or unusual entropy?,partial,strong,partial,strong,no,https://github.com/abrahamjuliot/creepjs,A,"Review hosting and repository notices before testing sensitive profiles",false,2026-07-22
Cover Your Tracks,https://coveryourtracks.eff.org/,privacy_research,How trackable and unique is the browser in the EFF dataset?,partial,strong,strong,no,strong,https://github.com/EFForg/cover-your-tracks,A,"Uses a 3-month cookie and keyed IP hashes for longitudinal research",false,2026-07-22
AmIUnique,https://amiunique.org/,uniqueness_research,How common is the fingerprint and how does it change?,partial,strong,strong,partial,no,https://github.com/DIVERSIFY-project/amiunique,A,"Collects fingerprint fields IP timestamps and uses a 4-month cookie",false,2026-07-22
FingerprintJS Demo,https://fingerprintjs.github.io/fingerprintjs/,visitor_identifier,What visitor ID and confidence does the open-source client library produce?,no,strong,strong,no,no,https://github.com/fingerprintjs/fingerprintjs,A,"Open-source demo and commercial Identification platform are different products",false,2026-07-22
BrowserScan,https://www.browserscan.net/,aggregated_dashboard,Does the current network fingerprint and automation setup contain visible anomalies?,strong,strong,partial,strong,no,not_located,C,"Privacy policy describes IP logs usage data and retention periods",false,2026-07-22
Pixelscan,https://pixelscan.net/fingerprint,aggregated_dashboard,How do fingerprint network leak proxy and bot signals appear in one report?,strong,strong,partial,strong,no,not_located,C,"Marketing says zero stored; privacy policy says browser fingerprints and IPs are stored",false,2026-07-22
IPhey,https://iphey.com/,aggregated_dashboard,How does the setup score under IPhey fingerprint and trust rules?,strong,strong,partial,strong,no,not_located,C,"Complete official retention policy for checker data not located in this review",false,2026-07-22

